,Name,smiles,ACTIVITY,tan to nearest abx,row_num,matching_frags,cluster
0,BRD-K26589290,Oc1ccc(cc1)C1(CCCCC1)c1ccc(cc1)O,0.203643961623311,0.3700234192037471,0,"[0, 7]",20
1,BRD-K07179331,Oc1cc(cc(c1)C1CCCCC1)C1CCCCC1,0.3121060699224472,0.4258241758241758,1,[61],0
2,BRD-K01826743,CN[C@@H](CC(C)C)C(=O)N[C@H]1[C@@H](O)c2ccc(c(c2)Cl)Oc2cc3cc(c2O[C@H]2O[C@@H](CO)[C@@H](O)[C@@H](O)[C@@H]2O[C@H]2C[C@@](C)(N)[C@@H](O)[C@@H](C)O2)Oc2ccc(cc2Cl)[C@@H](O)[C@H]2NC(=O)[C@@H](NC(=O)[C@@H]3NC(=O)[C@@H](CC(=O)N)NC1=O)c1ccc(c(c1)-c1c(cc(cc1[C@@H](NC2=O)C(=O)O)O)O)O,0.5429364830255509,1.0,2,"[2, 9, 10]",8
3,BRD-K81916719,CSc1nc2cc(c(cc2[nH]1)Oc1cccc(c1Cl)Cl)Cl,0.4513999089598656,0.33238636363636365,3,[28],26
4,BRD-K01649396,CN[C@@H]1C[C@@H](c2ccc(c(c2)Cl)Cl)c2ccccc21,0.2424270011484623,0.3391566265060241,4,[4],12
5,BRD-K76656794,CC(C)c1cc(c(cc1OC(=O)NC1(Oc2cc(c(cc2O1)Cl)Cl)C(F)(F)F)C)Cl,0.231833666190505,0.4579587519830777,5,[1],10
6,BRD-A52756611,COc1ccc(cc1)CNC(=O)N[C@]1(Oc2ccc(cc2O1)Cl)C(F)(F)F,0.2085132196545601,0.3834666666666667,6,[1],10
7,BRD-A60693625,COc1ccc(cc1[C@@H](N1CCN(CC1)c1ncccc1C)C(=O)O)Cl,0.2573813416995108,0.4856651376146789,7,[15],14
8,BRD-A46095120,CC(C)(C)c1cc(cc(c1O)C(C)(C)C)[C@@H](N1CCCC1)c1ccccn1,0.2212897807359695,0.3897202342225114,8,[17],6
9,BRD-K48793912,Clc1ccc(cc1)-n1ncc2c(ncnc12)N1CCN(CC1)c1ccc(c(c1)Cl)Cl,0.2487143203616142,0.47881572230729963,9,"[3, 21]",6
10,BRD-K41367118,COC(=O)C1=C(C[C@@H]2CC[C@H]1N2C(=O)N1CCCC1)c1ccc(cc1)OC(F)(F)F,0.2000861063599586,0.5946083418107834,10,[0],45
11,BRD-K57261999,Oc1ccccc1C(=O)c1[nH]c(c(c1-n1c(c(cc1C(=O)c1ccccc1O)Cl)Cl)Cl)Cl,0.2566208630800247,0.620845921450151,11,[59],3
12,BRD-K63065415,COc1ccc(cc1)CC1(CO)CCN(CC1)CC1=Cc2cc(ccc2OC1)Cl,0.2069317687302828,0.36907082521117607,12,[0],14
13,BRD-A15964565,OCCCN1CC2=C([C@@H](NC(=O)N2)c2ccc(c(c2)Cl)Cl)C1=O,0.2111002091318368,0.5428134556574924,13,"[4, 11]",18
14,BRD-A85846065,COc1ccc(cc1OC)[C@H]1C[C@@H](n2nc(c(c2N1)Cl)CO)C(F)(F)F,0.2185195047408342,0.62058526740666,14,[0],39
15,BRD-A63931499,Cc1ccc2c(c1)[C@H](O)CC1(CCN(CC1)C[C@@H](O)c1ccc(c(c1)Cl)Cl)O2,0.2139343775808811,0.44408427876823336,15,"[8, 16]",53
16,BRD-A52404869,O[C@@H](CN1CCC2(CC1)C[C@@H](O)c1cc(ccc1O2)Cl)c1c[nH]c2ccc(cc12)F,0.2414900496602058,0.5372507869884575,16,[5],35
17,BRD-K33395383,COc1ccc(cc1OC)C1(CCCC1)CNC(=O)c1ccccc1Cl,0.2085419375449419,0.4007220216606498,17,"[0, 7, 19]",22
18,BRD-K01827161,CN1[C@@H](C[C@H]2Cn3c(nc4cc(c(cc34)Cl)Cl)[C@H]21)C(=O)NCc1ccccc1,0.2264333669096231,0.6266934269944807,18,[14],15
19,BRD-A04038374,COc1cc(cc(c1OC)OC)[C@H]1NC(=O)N[C@@](O)([C@@H]1C(=O)C)C(F)(F)F,0.3574882641434669,0.5878627968337731,19,[0],13
20,BRD-K01827138,CN1[C@@H](C[C@H]2Cn3c(nc4cc(c(cc34)Cl)Cl)[C@H]21)C(=O)NCc1cccc(c1)Br,0.2529790133237838,0.6379137412236711,20,[14],15
21,BRD-K88107906,COC(=O)C1=C(C[C@@H]2CC[C@H]1N2C(=O)N1CCCCC1)c1ccc(cc1)OC(F)(F)F,0.2029442340135574,0.595116988809766,21,[0],45
22,BRD-A67809682,COc1ccc(cc1)CC1(CO)CCN(CC1)[C@@H](C)Cc1ccc(cc1)Cl,0.2152770467102527,0.3265602322206096,22,[0],14
23,BRD-A42933874,FC(F)(F)[C@@]1(NC(=O)NCCN2CCOCC2)Oc2ccc(cc2O1)Cl,0.2764291360974312,0.36668440659925494,23,[1],10
24,BRD-K74291014,CCn1c(nnc1SCc1ccc(cc1)Cl)CC(=O)Nc1ccc(c(c1)Cl)Cl,0.2716214999556541,0.40040962621607784,24,[3],5
25,BRD-K30602965,CCOc1cc(cc(c1O)Cl)C1C2=C(CCCC2=O)N(C)C2=C1C(=O)CCC2,0.2494072556495666,0.5630423685553854,25,"[0, 2, 13]",30
26,BRD-K07647200,COc1ccc(cc1OC)[C@H]1CC(=O)C=C(C1)c1cccc(c1O)Cl,0.2158018581569195,0.4390919158361019,26,[0],0
27,BRD-K43570161,OC(=O)c1cc(ccc1O)C12CC3CC(CC(C3)C2)C1,0.3055334195494651,0.3733528550512445,27,"[0, 7]",34
28,BRD-K10438125,Fc1cc2ncn(c2cc1F)Cc1cc(c2c(c1)OCCCO2)Cl,0.2265116415917873,0.42335390946502055,28,[13],6
29,BRD-K05024159,CN1C(=C(N2CCCCC2)C(=O)N(CC(=O)Nc2ccc(c(c2)Cl)Cl)C1=O)N,0.2037885855883359,0.5412658227848102,29,[3],5
30,BRD-A64701269,COc1ccccc1CNC(=O)[C@H]1C[C@H]2Cn3c(nc4cc(c(cc34)Cl)Cl)[C@@H]2N1C,0.2228284113109112,0.6489201406328479,30,[14],15
31,BRD-A33082788,CN[C@@H](CC(C)C)C(=O)N[C@H]1[C@@H](O)c2ccc(c(c2)Cl)Oc2cc3cc(c2O[C@H]2O[C@@H](CO)[C@@H](O)[C@@H](O)[C@@H]2O[C@H]2C[C@](C)(N)[C@@H](O)[C@@H](C)O2)Oc2ccc(cc2Cl)[C@@H](O)[C@H]2NC(=O)[C@@H](NC(=O)[C@@H]3NC(=O)[C@@H](CC(=O)N)NC1=O)c1ccc(c(c1)-c1c(cc(cc1[C@@H](NC2=O)C(=O)O)O)O)O,0.5444398269057273,1.0,31,"[2, 9, 10]",8
32,BRD-A96700325,CCOC(=O)[C@H]1CS[C@@H](CC(=O)Nc2ccc(c(c2)Cl)Cl)C(=O)N1,0.2077771242707967,0.3926592797783934,32,[3],5
33,BRD-K56357041,C1CCN(CC1)CCOc1ccc(cc1)C12CC3CC(CC(C3)C2)C1,0.2554705832153559,0.5302491103202847,33,"[0, 7]",24
34,BRD-A60429763,OCCCn1c(nc2cc(c(cc12)Cl)Cl)[C@H]1CCCN1c1nc(cs1)-c1ccc(cc1)Cl,0.2007220469415188,0.6265664160401002,34,[14],11
35,BRD-A08259704,O[C@H](c1ccc(c(c1)Cl)Cl)c1nc(c[nH]1)-c1ccccc1Cl,0.3756552435457706,0.35142396560988715,35,[8],33
36,BRD-K01827259,CN1[C@@H](C[C@H]2Cn3c(nc4cc(c(cc34)Cl)Cl)[C@H]21)C(=O)NCc1ccc(cc1)OC(F)(F)F,0.3211766242980957,0.6426065162907268,36,[14],15
37,BRD-A22356296,FC(F)(F)[C@@]1(NC(=O)N2CCC3(CC2)OCCO3)Oc2ccc(cc2O1)Cl,0.2619967341423034,0.42652519893899205,37,[1],10
38,BRD-A83248318,COc1cc(ccc1O)[C@H]1NC(=O)N[C@@](O)([C@@H]1C(=O)c1ccc(cc1)Cl)C(F)(F)F,0.320631318539381,0.5960125918153201,38,[0],21
39,BRD-K27667041,CCCC[C@]1(Cc2cc(c(c(c2C1=O)Cl)Cl)OCC(=O)O)C1CCCC1,0.3000388033688068,0.49013747758517634,39,"[0, 2, 4, 6, 23, 24, 25, 26, 27]",28
40,BRD-K21801459,FC(F)(F)c1ccc(nc1)S(=O)(=O)CCOC(=O)c1ccc(c(c1)Cl)Cl,0.2453069861978292,0.37148337595907927,40,[18],3
41,BRD-A35034803,Clc1ccc2c(c1)C(=O)[C@@]1(CC(=NO1)c1ccccc1)C1(CCNCC1)O2,0.2412018164992332,0.6639004149377593,41,[15],37
42,BRD-A24506863,COc1ccc(cc1)CCNC(=O)[C@H]1C[C@H]2Cn3c(nc4cc(c(cc34)Cl)Cl)[C@@H]2N1C,0.2259444650262594,0.6420311714429362,42,[14],15
43,BRD-K20123591,Clc1ccc(c2c3c([nH]c12)C[C@H]1CCCC(=O)N2CC[C@@H]3[C@@H]12)Cl,0.2102197363972663,0.6535750251762337,43,[58],11
44,BRD-A31926435,COc1cc(ccc1O)[C@H]1NC(=O)N[C@@](O)([C@@H]1C(=O)c1cccs1)C(F)(F)F,0.3028478153049946,0.6372351160443996,44,[0],21
45,BRD-A15113563,Clc1ccc(cc1Cl)[C@H]1Nc2ccccc2O1,0.2249952647835016,0.3197721724979658,45,[18],0
46,BRD-A26962727,CCOC(=O)C1=C(C)N=C2S/C(=C/c3cc(c(c(c3)OC)OCC(=O)O)Cl)C(=O)N2[C@@H]1c1ccccc1Cl,0.2257640670984983,0.7947316103379721,46,[6],23
47,BRD-K43269718,Cn1c(nnc1SCc1ccc(c(c1)Cl)Cl)CCNC(=O)c1ccc(c(c1)Cl)Cl,0.283351731300354,0.3694130317716747,47,[12],3
48,BRD-K04367376,CCOC(=O)N1CCN(CC1)C(=O)c1cc(c(cc1C(=O)O)Cl)Cl,0.2124320483300835,0.355194428322693,48,[12],1
49,BRD-K94630548,C[C@@]1(Cc2cc(c(c(c2C1=O)Cl)Cl)OCC(=O)O)C1CCCC1,0.2763381280004978,0.4853205512282804,49,"[0, 2, 4, 6, 23, 24, 25, 26, 27]",28
50,BRD-A03800241,Cc1ccc(cc1C)[C@@H](O)CN1CCC2(CC1)C[C@@H](O)c1cc(c(cc1O2)C)Cl,0.203970642760396,0.46461372231226367,50,[5],53
51,BRD-A20171594,Cc1ccc(cc1N1CCN(CC1)C[C@@H](O)COc1ccc(cc1Cl)Cl)Cl,0.2686374634504318,0.35294117647058826,51,[6],16
52,BRD-A68183360,O[C@H](c1ccc(c(c1)Cl)Cl)c1nc(c[nH]1)-c1ccccc1C(F)(F)F,0.2593472342938184,0.40222575516693165,52,[8],33
53,BRD-A14759932,COc1ccc(cc1OC)[C@H]1C[C@@H](Nc2nc(nn21)N)c1ccc(cc1Cl)Cl,0.2095886141061783,0.6065491183879094,53,[0],36
54,BRD-A90604601,CC(C)c1cc2c(cc1O)[C@]1(CCCC(C)(C)[C@@H]1CC2)C(=O)O,0.2319831561297178,0.46382978723404256,54,"[0, 17, 19, 22, 35]",2
55,BRD-K13178532,CCOc1cc(ccc1C1=N[C@@](C)(c2ccc(cc2)Cl)[C@](C)(N1C(=O)N1CCN(CCCS(=O)(=O)C)CC1)c1ccc(cc1)Cl)C(C)(C)C,0.2067653484642505,0.751996007984032,55,[19],1
56,BRD-A76381408,CC(C)c1c(ccc2c1CC[C@H]1[C@@](C)(CCC[C@@]12C)C(=O)O)O,0.2587101452052593,0.4343246592317224,56,"[0, 7, 17]",2
57,BRD-K00004725,CN1CC[C@H]([C@@H]1CO)c1c(cc(c2c1OC(=CC2=O)c1ccc(cc1Cl)C(F)(F)F)O)O,0.2010587565600872,0.646998982706002,57,"[32, 56]",11
58,BRD-K56057544,COc1cc(cc(c1O)Cl)/C=C/1\CCCc2c1nc1ccccc1c2C(=O)O,0.2783445756882429,0.616243654822335,58,[51],6
59,BRD-A23283176,COc1ccc(cc1OC)[C@H]1C[C@@H](n2nc(c(c2N1)Cl)C(=O)O)C(F)(F)F,0.3385331466794014,0.6507297433316558,59,[0],39
60,BRD-A40826164,COc1ccc(cc1)C(O)(CCC(C)C)[C@@H](CN1CCOCC1)c1ccc(cc1)Cl,0.2245007913559675,0.4496551724137931,60,[0],51
61,BRD-K72161155,CC(C)C(=O)N[C@@]1(C)C[C@H](O[C@H](C1)c1cc(ccc1O)Cl)c1ccc(cc1)Cl,0.3688788630068302,0.4098750743604997,61,[5],27
62,BRD-K98483170,CCC(=O)N[C@@]1(C)C[C@H](O[C@H](C1)c1cc(ccc1O)Cl)c1ccc(cc1)F,0.2212270155549049,0.4087237479806139,62,[5],27
63,BRD-A34056801,CN1C(=O)N[C@@H]([C@@H](C(=O)c2cccs2)[C@@]1(O)C(F)(F)F)c1ccc(cc1)O,0.2130245469510555,0.6397984886649875,63,[0],21
64,BRD-A87872454,CC1(C)[C@@H]2C[C@@H]3[C@H](OCC[C@@]3(C2)[C@H]1NC(=O)CCO)c1cc(ccc1O)Cl,0.2032979201525449,0.4666289592760181,64,[5],0
65,BRD-K13195665,CC1(C)Oc2ccc(cc2[C@H]2O[C@H]3CCN(C[C@@H]3C[C@@H]21)CC(=O)N(CC(=O)O)c1ccccc1)Cl,0.2650792833417654,0.6266598569969356,65,[5],46
66,BRD-A43293422,O[C@@H](COc1ccccc1Cl)CN1CCN(CC1)C[C@@H](O)COc1ccccc1Cl,0.2364215590059757,0.41404358353510895,66,[6],16
67,BRD-K54104281,CCOc1cc(cc(c1OCc1ccc(cc1)Br)Cl)CNC1CCCC1,0.2319016799330711,0.3466666666666667,67,[13],48
68,BRD-K06931542,CSc1nc2cc(c(cc2[nH]1)Oc1ccc2ccccc2c1)Cl,0.2431857898831367,0.332697807435653,68,[28],26
69,BRD-A43255238,CN1C(=O)NC(=O)c2c1nc(n2C[C@@H](O)COc1ccc(cc1Cl)Cl)Br,0.2301411226391792,0.5439838220424671,69,[6],24
70,BRD-A43475851,CCOc1cc(ccc1O)[C@H]1NC(=O)N[C@@](O)([C@@H]1C(=O)c1ccc(cc1)Cl)C(F)(F)F,0.2933682069182396,0.6049317943336832,70,[0],21
71,BRD-A60187958,NC[C@H]1Cc2cc(cc(c2O1)Cl)-c1ccccc1OCCn1ccnc1,0.233799809217453,0.4586374695863747,71,"[16, 60]",6
72,BRD-A41410277,COC[C@@H](C)NC(=O)N[C@]1(Oc2ccc(cc2O1)Cl)C(F)(F)F,0.2468439728021621,0.3659188034188034,72,[1],49
73,BRD-K35683048,ClC1=C(Cl)C(=O)N(N=C1)C12CC3CC(CC(C3)C2)C1,0.2083344742655754,0.3228723404255319,73,[29],11
74,BRD-A34530309,COc1ccc(cc1)[C@H]1C[C@@H](c2ccc(cc2Cl)Cl)n2nc(nc2N1)N,0.2261691458523273,0.5928355196770938,74,[0],36
75,BRD-A17003398,COc1ccc(cc1)[C@H]1C[C@@H](c2c(cccc2Cl)Cl)n2nc(nc2N1)N,0.2216222561895847,0.5879979828542612,75,[0],36
76,BRD-A91475262,COc1ccc(cc1)[C@H]1C[C@@H](Nc2nc(nn21)N)c1ccc(cc1Cl)Cl,0.2184056565165519,0.5771947527749748,76,[0],36
77,BRD-A39486223,FC(F)(F)c1cc(cc(c1)C(F)(F)F)NC(=O)N[C@]1(Oc2ccc(cc2O1)Cl)C(F)(F)F,0.2288135584443807,0.4312267657992565,77,[1],42
78,BRD-A60560486,Clc1ccc(cc1Cl)[C@H]1NC(=O)NC2=C1C(=O)N(C[C@H]1CCCO1)C2,0.2428443919867277,0.583248730964467,78,"[4, 11]",18
79,BRD-A68828239,COCCN1CC2=C([C@@H](NC(=O)N2)c2ccc(c(c2)Cl)Cl)C1=O,0.220575113967061,0.549618320610687,79,"[4, 11]",18
80,BRD-K82036761,CN[C@H]1CC[C@@H](c2ccc(c(c2)Cl)Cl)c2ccccc21,0.2591340817511082,0.34187016081000593,80,[4],12
81,BRD-A38020486,Cc1cc2c(cc1Cl)[C@H](O)CC1(CCN(CC1)C[C@@H](O)c1ccc(c(c1)F)F)O2,0.2187217682600021,0.47198275862068967,81,[5],53
82,BRD-A89585040,O[C@@H](CN1CCC2(CC1)C[C@@H](O)c1cc(ccc1O2)Cl)c1ccc(cc1)F,0.2122757166624069,0.42213781877373846,82,[5],53
83,BRD-A36047242,O[C@@H](CN1CCC2(CC1)C[C@@H](O)c1cc(ccc1O2)Cl)c1ccc(cc1)Cl,0.321837717294693,0.42138009049773756,83,[5],53
84,BRD-A18247333,COc1ccc2c(c[nH]c2c1)[C@@H](O)CN1CCC2(CC1)C[C@@H](O)c1cc(ccc1O2)Cl,0.2054905900731682,0.5385433280170122,84,[5],35
85,BRD-A70579168,CO[C@H]1/C=C\O[C@@]2(C)Oc3c(c(c4c(c3C2=O)[C@@]2(OCC(=O)O2)C=C(NC(=O)/C(=C\C=C/[C@@H](C)[C@@H](O)[C@@H](C)[C@@H](O)[C@@H](C)[C@@H](OC(=O)C)[C@@H]1C)C)C4=O)O)C,0.2833647052198103,0.8732912723449001,85,"[16, 17, 32]",9
86,BRD-A70771571,O[C@@H](CN1CCC2(CC1)C[C@@H](O)c1cc(ccc1O2)O)c1ccc(c(c1)Cl)Cl,0.244341454654932,0.43952483801295894,86,[8],53
87,BRD-A88827880,Cc1cc2c(cc1C)[C@H](O)CC1(CCN(CC1)C[C@@H](O)c1ccc(cc1)Cl)O2,0.2064008340239524,0.4437837837837838,87,[16],53
88,BRD-A72711497,CC[C@H]([C@H]1O[C@@](CC)(C[C@@H]1C)[C@H]1CC[C@](O)(CC)[C@H](C)O1)C(=O)[C@@H](C)[C@@H](O)[C@H](C)CCc1ccc(c(c1C(=O)O)O)C,0.3123995646834373,0.49432197728790916,88,[22],40
89,BRD-A45744144,CCOC(=O)[C@H]1[C@@H](NC(=O)N[C@@]1(O)C(F)(F)F)c1cccc(c1Cl)Cl,0.3046388626098633,0.6133942161339422,89,[40],13
90,BRD-K01828451,OC(=O)[C@H]1[C@H]2CC[C@@H](C2)[C@@H]1C(=O)Nc1ccc(c(c1)Cl)Cl,0.2255878359079361,0.2892347600518807,90,[3],5
91,BRD-K45177721,C[C@@H]1[C@@H](O)C[C@@]2(C[C@H](O)c3cc(ccc3O2)Cl)O[C@H]1c1ccccc1Cl,0.2259469851851463,0.5673833245936025,91,[5],41
92,BRD-A96879529,COc1cc(cc(c1O)Cl)[C@H]1NC(=O)NC(=C1C(=O)OC1CCCCC1)C,0.2418416574597358,0.5771847200418629,92,[2],25
93,BRD-A77500946,Cc1cc2c(cc1Cl)[C@H](O)CC1(CCN(CC1)C[C@@H](O)c1ccc(cc1)Cl)O2,0.2900868147611618,0.4492671927846674,93,[5],53
94,BRD-A45903516,C[C@@H](CCc1ccc(cc1)O)N[C@@H](c1ccccc1)c1ccc(cc1)Cl,0.2565822221338749,0.3637846655791191,94,[0],7
95,BRD-A01048672,Cc1cc(no1)NC(=O)N[C@]1(Oc2ccc(cc2O1)Cl)C(F)(F)F,0.2529199533164501,0.43303335097935414,95,[1],50
96,BRD-A78210457,CCOc1cc(ccc1C1=N[C@@](C)(c2ccc(cc2)Cl)[C@@](C)(N1C(=O)N1CCN(CCCS(=O)(=O)C)CC1)c1ccc(cc1)Cl)C(C)(C)C,0.2028989853337407,0.751996007984032,96,[19],1
97,BRD-A34487735,COc1cc2c(c(c1OC)OC)C1=CC=C(SC)C(=O)C=C1[C@H](N)CC2,0.2094269517809152,0.5446762974852862,97,[0],2
98,BRD-A93860232,CC[C@@H]([C@H]1O[C@@](CC)(C[C@@H]1C)[C@H]1CC[C@](O)(CC)[C@H](C)O1)C(=O)[C@@H](C)[C@@H](O)[C@@H](C)CCc1ccc(c(c1C(=O)O)O)C,0.2848573403432965,0.49432197728790916,98,[22],40
99,BRD-A81092128,CCC[C@@](O)([C@@H](CN1CCOCC1)c1ccc(cc1)Cl)c1ccc(cc1)OC,0.2274776227772235,0.4444444444444444,99,[0],51
100,BRD-A44969758,CCOc1cc(cc(c1OCC(=O)O)Cl)[C@H]1NC(=O)NC(=C1C(=O)C)C,0.2144927747547626,0.5547368421052632,100,"[0, 2, 6, 13]",52
101,BRD-K48778011,OC(=O)c1ccc2c(c1)N=C/1N(CC\C1=C/c1ccc(c(c1)Cl)Cl)C2=O,0.2371861904859543,0.5487309644670051,101,[42],6
102,BRD-K91065602,CN[C@H](CC(C)C)C(=O)N[C@@H]1[C@H](O)c2ccc(c(c2)Cl)Oc2cc3cc(c2O[C@@H]2O[C@H](CO)[C@@H](O)[C@H](O)[C@H]2O[C@H]2C[C@](C)(N)[C@H](O)[C@H](C)O2)Oc2ccc(cc2Cl)[C@@H](O)[C@@H]2NC(=O)[C@H](NC(=O)[C@@H]3NC(=O)[C@H](CC(=O)N)NC1=O)c1ccc(c(c1)-c1c(cc(cc1[C@H](NC2=O)C(=O)O)O)O)O,0.5237967811524868,1.0,102,"[2, 9, 10]",8
103,BRD-A68274458,Cc1ccc(c(c1)Cl)OC[C@@H](O)CN1CCN(CC1)C[C@@H](O)COc1ccc(cc1Cl)C,0.2570995084941387,0.36942675159235666,103,[6],16
104,BRD-A82940392,COC(=O)C1=C(C)N(C)C(=O)N[C@@H]1c1cc(c(c(c1)OC)O)Cl,0.2110832039266824,0.5666492420282279,104,[2],52
105,BRD-K49310560,Clc1ccc(cc1Cl)NC(=O)C1CCN(CC1)c1nnc(s1)-n1cccc1,0.2182057410478592,0.3946360153256705,105,[3],5
106,BRD-K34657753,OC(=O)c1ccccc1Nc1ccc(cc1)CCc1ccc(c(c1)Cl)Cl,0.2075705170631408,0.28364222401289285,106,[4],7
107,BRD-K95822908,COC(=O)c1cc(cc(c1C(=O)c1c(c(c(c(c1OC)Cl)C)Cl)O)O)O,0.2093278896063566,0.4772727272727273,107,"[36, 37, 43]",22
108,BRD-K34998290,COC(=O)c1cc(cc(c1Oc1c(c(c(c(c1C(=O)O)O)Cl)C)Cl)OC)O,0.2528293497860431,0.46517571884984027,108,"[36, 37]",19
109,BRD-A26407200,OC(=O)C1=C[C@@H](NC(=O)N1)c1cccc(c1Cl)Cl,0.2256831048056483,0.38847262247838615,109,[40],52
110,BRD-A08791201,CC(C)C[C@@H](N)C(=O)N[C@H]1[C@@H](O)c2ccc(c(c2)Cl)Oc2cc3cc(c2O[C@H]2O[C@@H](CO)[C@@H](O)[C@@H](O)[C@@H]2O[C@H]2C[C@@](C)(N)[C@@H](O)[C@@H](C)O2)Oc2ccc(cc2Cl)[C@@H](O)[C@H]2NC(=O)[C@@H](NC(=O)[C@@H]3NC(=O)[C@@H](CC(=O)N)NC1=O)c1ccc(c(c1)-c1c(cc(cc1[C@@H](NC2=O)C(=O)O)O)O)O,0.5346906684339047,0.9994199535962877,110,"[2, 9, 10]",8
111,BRD-A33352494,CN[C@@H](CC(C)C)C(=O)N[C@H]1[C@@H](O)c2ccc(c(c2)Cl)Oc2cc3cc(c2O[C@H]2O[C@@H](CO)[C@@H](O)[C@@H](O)[C@@H]2O[C@H]2C[C@@](C)(NCc4ccc(cc4)-c4ccc(cc4)Cl)[C@@H](O)[C@@H](C)O2)Oc2ccc(cc2Cl)[C@@H](O[C@H]2C[C@@](C)(N)[C@@H](O)[C@@H](C)O2)[C@H]2NC(=O)[C@@H](NC(=O)[C@@H]3NC(=O)[C@@H](CC(=O)N)NC1=O)c1ccc(c(c1)-c1c(cc(cc1[C@@H](NC2=O)C(=O)O)O)O)O,0.5180177599191665,1.0,111,"[2, 9, 10]",8
112,BRD-K71489689,CC(C)(C)c1ccc(cc1)C(=O)Nc1cc(c(cc1C(=O)O)Cl)Cl,0.2360956951975822,0.3713850837138508,112,[3],31
113,BRD-A81029847,O[C@@H](CN1CCC2(CC1)C[C@@H](O)c1cc(ccc1O2)F)c1ccc(c(c1)Cl)Cl,0.2375317737460136,0.44792228818132757,113,[8],53
114,BRD-K01036220,OC(=O)c1cnn(c1)-c1nc2cc(c(cc2[nH]1)OC(F)(F)F)Cl,0.2154167188331484,0.4079601990049751,114,[28],11
115,BRD-A56060202,COc1ccc(cc1OC)[C@H]1C[C@@H](n2ncc(c2N1)C(=O)O)C(F)(F)F,0.2709151968359947,0.6120384420839656,115,[0],39
116,BRD-A39080267,COc1ccc(cc1OC)[C@H]1C[C@@H](n2nc(c(c2N1)Cl)C(=O)N)C(F)(F)F,0.2203483507037162,0.6535947712418301,116,[0],39
117,BRD-A24836669,C[C@@H](CCc1ccc(cc1)O)NC1C2CC3CC(C2)CC1C3,0.2533045206218958,0.36231884057971014,117,[0],7
118,BRD-K60457778,CCc1ccccc1NC(=O)NC1(Oc2cc(c(cc2O1)Cl)Cl)C(F)(F)F,0.2023520063608885,0.4220572640509014,118,[1],42
119,BRD-A16612044,Fc1ccc(c(c1)F)NC(=O)N[C@]1(Oc2ccc(cc2O1)Cl)C(F)(F)F,0.2358437243849039,0.4088983050847458,119,[1],42
120,BRD-K15038405,FC(F)(F)c1cccc(c1)NC(=O)NC1(Oc2cc(c(cc2O1)Cl)Cl)C(F)(F)F,0.2767640516161919,0.42462845010615713,120,[1],42
121,BRD-A49811931,FC(F)(F)[C@@]1(NC(=O)NCc2ccccc2)Oc2ccc(cc2O1)Cl,0.2136118669062852,0.37459978655282816,121,[1],10
122,BRD-K19146323,Clc1ccc2c(ccnc2c1)N1CCN(CC1)C(=O)c1ccc(c(c1)Cl)Cl,0.2232285179197788,0.43735408560311284,122,[12],1
123,BRD-K25951130,CCCCc1cc(c(c(c1)O)CCCC)O,0.2066838458180427,0.6768707482993197,123,"[22, 35, 50]",9
124,BRD-K35987652,CCOC(=O)Cc1csc(n1)NC(=O)NC1(Oc2cc(c(cc2O1)Cl)Cl)C(F)(F)F,0.2478510245680809,0.4863874345549738,124,[1],50
125,BRD-A35052645,CCOC(=O)Cc1csc(n1)NC(=O)N[C@]1(Oc2ccc(cc2O1)Cl)C(F)(F)F,0.2347535647451877,0.48293963254593175,125,[1],50
126,BRD-K23982137,Cn1c(nnc1-c1ccc(c(c1)Cl)Cl)SCC(=O)Nc1ccc(c(c1)Cl)Cl,0.3151543073356151,0.41146993318485525,126,[3],5
127,BRD-A60415472,FC(F)(F)[C@@]1(NC(=O)Nc2cc(ncn2)N2CCOCC2)Oc2ccc(cc2O1)Cl,0.3456683069467544,0.47528916929547843,127,[1],50
128,BRD-K51869413,CC(C)CNC(=O)NC1(Oc2cc(c(cc2O1)Cl)Cl)C(F)(F)F,0.2937541618943214,0.3533794571580628,128,[1],49
129,BRD-A66574494,FC(F)(F)[C@@]1(NC(=O)NC[C@H]2CCCO2)Oc2ccc(cc2O1)Cl,0.2923952154815197,0.3870281765018607,129,[1],10
130,BRD-A40964230,FC(F)(F)[C@@]1(NC(=O)NC2CCCCC2)Oc2ccc(cc2O1)Cl,0.2296755596995353,0.373134328358209,130,[1],10
131,BRD-A73869219,FC(F)(F)Oc1ccc(cc1)NC(=O)N[C@]1(Oc2ccc(cc2O1)Cl)C(F)(F)F,0.2504028163850307,0.39327641408751335,131,[1],42
132,BRD-A69495891,Cc1ccc(cc1F)NC(=O)N[C@]1(Oc2ccc(cc2O1)Cl)C(F)(F)F,0.2084290340542793,0.41533546325878595,132,[1],42
133,BRD-K68957996,CCCCN1C(=C(N(CC)C(=O)c2ccc(c(c2)Cl)Cl)C(=O)NC1=O)N,0.2009358182549476,0.5452248610409297,133,[12],4
134,BRD-K59104261,COc1cc(c(cc1Cl)NC(=O)N1CCC2(CC1)Nc1cc(ccc1-n1cccc12)F)OC,0.2252024300396442,0.6599597585513078,134,[30],3
135,BRD-K79250812,CC1(C)Oc2ccc(cc2[C@@H]2O[C@@H]3CCN(C[C@@H]3C[C@H]21)CC(=O)Nc1ccccc1C(=O)O)Cl,0.2686665393412113,0.6202928870292888,135,[5],46
136,BRD-A90799777,Cc1cc2c(cc1C)[C@H](O)CC1(CCN(CC1)C[C@@H](O)c1ccc(c(c1)Cl)Cl)O2,0.2231070052832365,0.46735024284943333,136,"[8, 16]",53
137,BRD-A54804966,CNc1nc(nc(n1)N1CCOCC1)S[C@@H](C)C(=O)Nc1ccc(c(c1)Cl)Cl,0.2332436807453632,0.34093264248704663,137,[3],5
138,BRD-A35072058,Clc1ccc(cc1Cl)N1CC[C@@H](Sc2nnc[nH]2)C1=O,0.2387391060590744,0.3649025069637883,138,"[3, 21]",11
139,BRD-K00003464,COc1ccc(c(c1)Cl)OCc1ccc(cc1)COc1c(cccc1Cl)Cl,0.322574844956398,0.2745490981963928,139,[20],19
140,BRD-K39990436,Cn1c(nnc1-c1cccs1)SCC(=O)c1cc(c(c(c1)C(C)(C)C)O)C(C)(C)C,0.2070809554308653,0.4726062467997952,140,[17],3
141,BRD-K22259649,CSC1=NN=C(C)C(=O)N1COC(=O)COc1ccc(cc1Cl)Cl,0.2214677102863788,0.4163682864450128,141,[6],24
142,BRD-K09645709,Clc1ccc(cc1Cl)NC(=O)CSC1=NNC(=O)N1C1CC1,0.2059144170954823,0.37037037037037035,142,[3],5
143,BRD-K02207684,CCOc1cc(cc(c1OCc1ccc(cc1)Cl)Cl)CN(C)C1CCCC1,0.2879381321370601,0.35670356703567035,143,[13],48
144,BRD-K98498749,CS(=O)(=O)N(CC(=O)Nc1ccc(c(c1)Cl)Cl)c1cc(cc(c1)Cl)Cl,0.2879981242120266,0.3048555623847572,144,[3],5
145,BRD-K36101025,COc1cc(c(cc1Cl)OC)NC(=O)COc1c(c(c(c(c1Cl)C)Cl)C)Cl,0.2568588502705097,0.4041204437400951,145,[20],5
146,BRD-K27016416,Clc1ccc(cc1)COc1c(cc(cc1Cl)CNC1CCCC1)Cl,0.3424730859696865,0.31420373027259685,146,[20],48
147,BRD-A77326906,CN[C@H](CC(C)C)C(=O)N[C@@H]1[C@H](O)c2ccc(c(c2)Cl)Oc2cc3cc(c2O[C@@H]2O[C@@H](CO)[C@@H](O)[C@H](O)[C@H]2O[C@H]2C[C@](C)(N)[C@H](O)[C@H](C)O2)Oc2ccc(cc2Cl)[C@@H](O)[C@@H]2NC(=O)[C@H](NC(=O)[C@@H]3NC(=O)[C@H](CC(=O)N)NC1=O)c1ccc(c(c1)-c1c(cc(cc1[C@H](NC2=O)C(=O)O)O)O)O,0.5243813127279282,1.0,147,"[2, 9, 10]",8
148,BRD-A65314212,COc1ccc(cc1F)C(=O)C[C@@]1(O)C(=O)Nc2c(ccc(c21)Cl)Cl,0.2124248009175062,0.605648008068583,148,"[0, 34, 38]",17
149,BRD-K38329608,CCOc1cc(cc(c1OCc1ccccc1Cl)Cl)CNC1CCCC1,0.2855176091194152,0.3524173027989822,149,[13],48
150,BRD-K69139043,Oc1ccc2c(c1-c1c(c(cc3c1CCCC3)Br)O)CCCC2,0.2132368322461843,0.44329896907216493,150,[0],2
151,BRD-A41768539,COc1ccc(cc1)[C@H]1C[C@@H](n2nc(c(c2N1)Br)C(=O)O)C(F)(F)F,0.3035607531666756,0.608366935483871,151,[0],39
152,BRD-A38190606,COc1ccc(cc1)C(=O)C[C@@H](Nc1ccc(cc1)Cl)c1ccc(cc1)Cl,0.2206867054104805,0.3218884120171674,152,[0],22
153,BRD-A62521538,CCOc1cc(ccc1O)[C@H]1NC(=O)N[C@@](O)([C@@H]1C(=O)c1ccc(cc1)OC)C(F)(F)F,0.2153747931122779,0.5972732039853172,153,[0],21
154,BRD-K62090839,CN(C(=O)C1=CNC(=O)C=C1C(F)(F)F)c1ccc(c(c1)Cl)Cl,0.2084689635783433,0.42627653471026966,154,"[3, 21]",4
155,BRD-K57174586,CN[C@H]1CC[C@H](c2ccc(c(c2)Cl)Cl)c2ccccc21,0.2560152240097523,0.34187016081000593,155,[4],12
156,BRD-K98564204,C[C@@H]1[C@@H](O)C[C@@]2(C[C@H](O)c3cc(cc(c3O2)Cl)Cl)O[C@H]1c1ccccc1Cl,0.2771868571639061,0.5992685475444096,156,"[5, 48]",41
157,BRD-K38151940,COc1ccc(cc1[C@]12C[C@@H]3C[C@@H](C[C@@H](C3)C2)C1)-c1ccc2cc(ccc2c1)C(=O)O,0.200551619194448,0.40306462358427714,157,[16],43
158,BRD-A56438514,Fc1cccc(c1C1=NO[C@H]2CN(C[C@H]21)C(=O)c1ccc(c(c1)Cl)Cl)Cl,0.2734712705016136,0.5568468923698838,158,[12],1
159,BRD-A26463526,COc1ccc(cc1)CC[C@@H](C)NCCc1ccc(cc1Cl)Cl,0.2544990710914135,0.33881578947368424,159,[0],7
160,BRD-A92701839,CC(=O)C1=C(NC(=O)N[C@@H]1c1ccc(c(c1)Cl)O)c1ccccc1,0.2154528528451919,0.4954811270600744,160,"[0, 2]",38
161,BRD-A07313078,CC(C)c1cc(c(cc1OC(=O)N[C@]1(Oc2ccc(cc2O1)Cl)C(F)(F)F)C)Cl,0.2023765541613102,0.45257021727609964,161,[1],10
162,BRD-A46251247,CC(C)N[C@H]1C2CCC(CC2)[C@@]1(O)c1ccc(c(c1)Cl)Cl,0.2278972446918487,0.4475476839237057,162,"[4, 8]",0
163,BRD-K52451009,Nc1nc(c2cc(ccc2n1)CNc1ccc(c(c1)Cl)Cl)N,0.2513679556548595,0.393526405451448,163,[3],3
164,BRD-A30133509,CN[C@H](CC(C)C)C(=O)N[C@H]1[C@H](O)c2ccc(c(c2)Cl)Oc2cc3cc(c2O[C@@H]2O[C@@H](CO)[C@@H](O)[C@H](O)[C@H]2O[C@H]2C[C@](C)(N)[C@H](O)[C@H](C)O2)Oc2ccc(cc2Cl)[C@@H](O)[C@@H]2CC(=O)[C@@H](NC(=O)[C@@H]3NC(=O)[C@H](CC(=O)N)NC1=O)c1ccc(c(c1)-c1c(cc(cc1[C@@H](NC2=O)C(=O)O)O)O)O,0.5501516826450825,0.9565701559020044,164,"[0, 2, 9, 10]",8
165,BRD-A34462004,CN(C)C(=O)C1=C(C)NC(=O)N[C@@H]1c1ccc(c(c1)Cl)Cl,0.2030022244900465,0.46129541864139023,165,"[4, 11]",52
166,BRD-A56901308,OC(=O)c1cc2n(n1)[C@H](C[C@H](N2)c1ccc2c(c1)OCO2)C(F)(F)F,0.3050979301333427,0.5990899898887766,166,[0],47
167,BRD-K02900412,CC(C)(C)CC(C)(C)c1ccc(c(c1)Cc1ccc(cc1Cl)Cl)O,0.3553146496415138,0.4651851851851852,167,"[0, 7, 17]",32
168,BRD-A03135186,Clc1ccc(cc1Cl)[C@H]1CN(CCO1)C(=O)CN1CCOC1=O,0.2012438130564987,0.3642344497607656,168,"[8, 18]",1
169,BRD-K01826538,FC(F)(F)COc1ccc(c(c1)C(=O)NC[C@H]1CCCCN1)OCC(F)(F)F,0.2207618087530136,0.4115076474872542,169,[55],22
170,BRD-A69303249,O[C@@H](COc1ccc(cc1Cl)F)CN1CCC(CC1)Cc1ccccc1,0.2316640824079513,0.3393829401088929,170,[6],16
171,BRD-K24416879,COc1ccc(cc1)C1(CCOCC1)CNCC1=CC(=CNC1=O)c1ccc(cc1)Cl,0.2514101274311542,0.4296482412060301,171,[7],6
172,BRD-K85383046,C[C@]1(Cc2cc(c(c(c2C1=O)Cl)Cl)OCC(=O)O)C1CCCC1,0.2752169705927372,0.4853205512282804,172,"[0, 2, 4, 6, 23, 24, 25, 26, 27]",28
173,BRD-K43819905,CCOc1ccc(cc1)C1(CCCC1)c1ccc(cc1)Cl,0.2656982541084289,0.4163934426229508,173,"[0, 7]",20
174,BRD-K44190091,COc1cc(c(cc1Cl)N1C=C(NC1=O)c1ccc(cc1)Cl)OC,0.3804229877889156,0.45102040816326533,174,[30],11
175,BRD-K83499031,Clc1cc2c(cc1Cl)N(C(=O)N2)c1ccncc1,0.2162315301597118,0.3851063829787234,175,[14],11
176,BRD-M73453555,CCOc1ccccc1CNC1CC1.CNC(=O)Nc1cc(ccc1F)C.Cc1nc(ccc1C(=O)N)C(F)(F)F.CC1(C)[C@@H](CC[C@@]1(C)C(=O)N)C(=O)O.CS(=O)(=O)N1CCC2(CC1)OCCO2.NCc1ccc2c(c1)CCO2.OC(=O)c1ncc(cc1Cl)Br.Oc1ccc(c2c1CCC2)F,0.2156836938112974,0.6988494247123562,176,"[44, 52]",6
177,BRD-M40263882,CCC(=O)C12CC3CC(CC(C3)C2)C1.CC1=NNC(=O)N1c1ccc(cc1)Cl.Cc1ccc(cc1)-c1ccn(n1)CC(=O)O.Cc1cccc(c1)Cn1ncc(c1N)C.Cc1cn(nn1)Cc1ccccc1.Nc1cncc(n1)Cl.Oc1cc2c(cc1F)CCC2=O.Clc1ccc(cc1)[C@H]1CNC(=O)CO1,0.2655436236411333,0.6897938662644545,177,"[38, 46]",9
178,BRD-K43746259,Clc1ccc(cc1Cl)NC(=O)CCc1nc(no1)-c1ccccc1Cl,0.2589010246098041,0.35850111856823264,178,[3],5
179,BRD-K45910557,Clc1cc2c(cc1Cl)NC(=O)N2,0.2886225888505578,0.2945054945054945,179,[14],11
180,BRD-K68220112,Cn1c(nnc1-c1ccc(cc1)NC(=O)c1ccc(c(c1)Cl)Cl)SCC(=O)O,0.2237550139427185,0.41918388977212506,180,[12],4
181,BRD-A18418661,COc1ccc(cc1)[C@H]1C[C@@H](n2nc(cc2N1)C(=O)O)C(F)(F)F,0.2318229340016842,0.5494171312721744,181,[0],39
182,BRD-K50818574,COC(=O)NC1(Oc2cc(c(cc2O1)Cl)Cl)C(F)(F)F,0.2452323134988546,0.3425975414216996,182,[1],49
183,BRD-K00003142,N[C@@H]1CC[C@@H](c2ccc(c(c2)Cl)Cl)c2ccccc21,0.2616319924592972,0.3147482014388489,183,[4],12
184,BRD-K22351260,ClC1=C(Cl)C(=O)N(Cc2nnc(o2)-c2ccc(cc2)Cl)N=C1,0.2702452003955841,0.42528147389969295,184,[29],44
185,BRD-A29693531,CC(=O)[C@H]1[C@@H](NC(=O)N[C@@]1(O)C(F)(F)F)c1ccc(cc1)OC(F)F,0.2024513587355613,0.5562947799385876,185,[0],13
186,BRD-K58087744,Cc1c(c(ccc1OCc1ccc(c(c1)Cl)Cl)-c1cc[nH]n1)O,0.2295069959014654,0.3788546255506608,186,[18],19
187,BRD-K70590086,COc1cc(c(cc1Cl)NC(=O)c1ccc2c(c3c(nc2c1)CCCC3)SCC(=O)O)OC,0.21954415589571,0.5934177215189873,187,[30],4
188,BRD-A46786978,FC(F)(F)[C@@]1(NC(=O)NCc2cccnc2)Oc2ccc(cc2O1)Cl,0.2584936931729317,0.39766081871345027,188,[1],10
189,BRD-K00003704,CN[C@H](CC(C)C)C(=O)N[C@@H]1[C@H](O)c2ccc(c(c2)Cl)Oc2cc3cc(c2O[C@@H]2O[C@H](CO)[C@@H](O)[C@H](O)[C@H]2O[C@H]2C[C@](C)(NCc4ccc(cc4)-c4ccc(cc4)Cl)[C@@H](O)[C@H](C)O2)Oc2ccc(cc2Cl)[C@@H](O[C@H]2C[C@](C)(N)[C@@H](O)[C@H](C)O2)[C@@H]2NC(=O)[C@H](NC(=O)[C@@H]3NC(=O)[C@H](CC(=O)N)NC1=O)c1ccc(c(c1)-c1c(cc(cc1[C@H](NC2=O)C(=O)O)O)O)O,0.5051155112683773,1.0,189,"[2, 9, 10]",8
190,BRD-A69470721,COc1cc(cc(c1O)Cl)[C@H]1NC(=O)NC(=C1C(=O)OCC1CCCCC1)C,0.2387975215911865,0.5732984293193717,190,[2],25
191,BRD-A07543305,CC(C)(C)CC(C)(C)NC1=Nc2cc(c(cc2N[C@@]21C[C@@H]1CCN3[C@@H]1[C@H](CCC3=O)C2)Cl)Cl,0.2044935129582882,0.5368581596339603,191,[3],11
192,BRD-K08724787,COc1cc(cc(c1O)Br)C1C2=C(CC(C)(C)CC2=O)N(C)C2=C1C(=O)CC(C)(C)C2,0.2030979495495558,0.5740354535974974,192,[0],30
193,BRD-K00004595,OC(=O)c1ccnc(c1)N1CC(O)(C1)c1ccc(cc1Cl)OCc1c(onc1-c1c(cccc1Cl)Cl)C1CC1,0.3892475329339504,0.6445115810674723,193,"[41, 53]",6
194,BRD-A67093575,C[C@@H](CCc1ccc(cc1)O)NCc1ccc(cc1Cl)Cl,0.2400473482906818,0.3822525597269625,194,[0],7
195,BRD-K17999555,COC(=O)C1=C(C[C@@H]2CC[C@H]1N2C(=O)N1CCOCC1)c1ccc(cc1)OC(F)(F)F,0.2345880944281816,0.6065073716319268,195,[0],45
196,BRD-K78010619,COC(=O)C1=C(C[C@@H]2CC[C@H]1N2C(=O)NCCO)c1ccc(cc1)OC(F)(F)F,0.2242716114968061,0.5966429298067142,196,[0],29
197,BRD-K57399156,COc1cc(c(c(c1OC)OC)Br)C(=O)Nc1cc(c(cc1Cl)C(=O)O)OC,0.2101941496133804,0.4920877998979071,197,[39],31
198,BRD-K69236721,Cc1ccc(nc1-c1cccc(c1)C(=O)O)NC(=O)C1(CC1)c1ccc2c(c1)OC(F)(F)O2,0.2484938617795705,0.5608142493638677,198,"[7, 19]",6
199,BRD-A65379596,Cc1ccc(s1)C(=O)N1CCC2(CC1)Oc1ccc(cc1C(=O)[C@@]12CC(=NO1)c1ccc(cc1)Cl)Cl,0.2205222971737384,0.7177944862155389,199,[15],37
200,BRD-K01827263,CN1[C@@H](C[C@H]2Cn3c(nc4cc(c(cc34)Cl)Cl)[C@H]21)C(=O)NCc1cccc(c1)C(F)(F)F,0.2372938573360443,0.6431431431431431,200,[14],15
201,BRD-K17821065,NCCOc1ccc(cc1)C12CC3CC(CC(C3)C2)C1,0.2690381376072764,0.552734375,201,"[0, 7]",34
202,BRD-K22796984,CCOc1ccc(cc1OCC)C1C2=C(CC(C)(C)CC2=O)N(CC(=O)O)C2=C1C(=O)CC(C)(C)C2,0.2017155725508928,0.5811224489795919,202,[0],30
203,BRD-K47688245,Clc1cnn(c1)Cc1ccc(cc1)C(=O)Nc1ccc(c(c1)Cl)Cl,0.231082297116518,0.32532920216886135,203,[3],4
204,BRD-A12090403,CCOC(=O)[C@H]1[C@@H](NC(=O)N[C@@]1(O)C(F)(F)F)c1ccc(c(c1)OC)O,0.2358854100108146,0.6027466937945066,204,[0],13
205,BRD-K05739625,Clc1ccc(c(c1)Cl)C(=O)Nc1ccc(c(c1)Cl)Cl,0.3380266800522804,0.29665851670741644,205,[3],31
206,BRD-K16508644,COc1ccc(cc1Cl)C1C2=C(CCCC2=O)N(CC(=O)O)C2=C1C(=O)CCC2,0.2853893548250198,0.5477772100153296,206,"[0, 2]",30
207,BRD-A31305106,O[C@@H](CNCC1(CCCCC1)N1CCCCC1)COc1ccc(cc1Cl)Cl,0.3125697143375873,0.3435897435897436,207,[6],24
208,BRD-K26269581,ClC1=C(Cl)C(=O)N(Cc2nnc(o2)-c2ccccc2Br)N=C1,0.2048634089529514,0.45153061224489793,208,[29],44
209,BRD-K28360633,COc1ccc(cc1Br)C1C2=C(CCCC2=O)N(CC(=O)O)C2=C1C(=O)CCC2,0.2152296990156173,0.544806517311609,209,[0],30
210,BRD-K97988328,FC(F)Oc1ccc(cc1)NC(=O)c1ncc(c(c1Cl)Cl)Cl,0.2689950950443744,0.38114104595879555,210,[31],4
211,BRD-K82785711,COc1cccc(c1)NC(=O)c1ncc(c(c1Cl)Cl)Cl,0.2006480433046817,0.3904761904761905,211,[31],4
212,BRD-A18611368,C[C@]1(Cn2ccnn2)[C@@H](N2[C@@H](CC2=O)S1(=O)=O)C(=O)O,0.5304279872449115,0.6472966144517434,212,[49],9
213,BRD-A40436789,C[C@]1(CCN1C(=O)CCc1ccc(cc1Cl)Cl)C(=O)Nc1ccc(c(c1)Cl)Cl,0.2138934794813394,0.4329192546583851,213,[3],5
214,BRD-K20256064,Cc1oc2ccc(cc2c1C(=O)O)OCc1ccc(c(c1)Cl)Cl,0.2211444597691297,0.3990772779700115,214,[18],19
215,BRD-K39163598,CN[C@@H]1CC[C@H](c2ccc(c(c2)Cl)Cl)c2ccccc21,0.2629199482500553,0.34187016081000593,215,[4],12
216,BRD-K69464193,CC(C)(c1cc(c(c(c1)Br)O)Br)c1cc(c(c(c1)Br)O)Br,0.456021748483181,0.2848180677540778,216,[7],32
217,BRD-K04805373,CCCNC(=O)N1[C@H]2CC[C@@H]1C(=C(C2)c1ccc(cc1)OC(F)(F)F)C(=O)OC,0.2069868218153715,0.5930824008138352,217,[0],29
218,BRD-A19796379,COc1ccc(c(c1)F)C12C[C@H]3C[C@@H](CC(C3)(C2)C(=O)O)C1,0.2800492219626903,0.3989290495314592,218,"[0, 7]",34
219,BRD-K99847386,COC(=O)C1=C(C[C@@H]2CC[C@H]1N2C(=O)N1CCC(C)CC1)c1ccc(cc1)OC(F)(F)F,0.2001264292746782,0.598677517802645,219,[0],45
220,BRD-K28463463,COC(=O)C1=C(C[C@@H]2CC[C@H]1N2C(=O)NC(C)C)c1ccc(cc1)OC(F)(F)F,0.2092492062598467,0.5930824008138352,220,[0],29
221,BRD-K60718389,CCOc1cc(cc(c1O)Cl)C(C1=C(C)NNC1=O)C1=C(C)NNC1=O,0.2643651124089956,0.3831417624521073,221,[13],11
222,BRD-K46882261,Clc1ccc(cc1Cl)NC(=O)c1ccc(c(c1)Cl)Cl,0.3703366287052631,0.28618968386023297,222,"[3, 12]",31
223,BRD-A22307305,CCC(=O)N[C@H]1C(C)(C)[C@@H]2C[C@@H]3[C@H](OCC[C@]31C2)c1cc(ccc1O)Cl,0.2956012442708015,0.46572237960339946,223,[5],0
224,BRD-K74443966,CC1(C)CC(CC(C)(C)N1)NC(=O)c1cc(c(cc1C(=O)O)Cl)Cl,0.2571631424129009,0.3722149410222805,224,[12],22
225,BRD-K28907958,OC(=O)c1ccc2cc(ccc2c1)-c1ccc(c(c1)C12CC3CC(CC(C3)C2)C1)O,0.3275651425123215,0.38555030384875083,225,[16],43
226,BRD-A46756565,Clc1ccc(cc1Cl)N1[C@@H](SCC1=O)c1ccccn1,0.2066120682284236,0.4672466734902764,226,"[3, 21]",11
227,BRD-K86915753,OC(=O)C1=NN(CCOc2c(cccc2Cl)Cl)C(=O)c2ccccc21,0.2334113039076328,0.4470588235294118,227,[20],24
228,BRD-K65639681,OC(=O)c1ccc(cc1Cl)C1=CC(=O)C[C@@H](C1)c1ccc2c(c1)OCO2,0.2713254630565643,0.44931506849315067,228,[0],0
229,BRD-A97328606,C[C@@]1(Cc2ccc(c(c2)Cl)Cl)C(=O)Nc2c(ccc(c21)Cl)Cl,0.341479118168354,0.48367346938775513,229,[4],17
230,BRD-A26721501,Cc1cc(no1)NC(=O)c1cc2n(n1)[C@H](C[C@H](N2)c1ccc(c(c1)Cl)Cl)C(F)(F)F,0.2254410333931446,0.6290160642570282,230,"[4, 11]",1
231,BRD-K33127281,COc1ccc(cc1C12CC3CC(CC(C3)C2)C1)-c1ccc2cc(ccc2c1)C(=O)O,0.2403470231220126,0.40306462358427714,231,[16],43
232,BRD-A67804973,COc1cc(cc(c1OC)OC)[C@H]1C[C@@H](n2ncc(c2N1)C(=O)O)C(F)(F)F,0.2901986181735992,0.6171717171717171,232,[0],39
233,BRD-K60417814,CCCC[C@@]1(Cc2cc(c(c(c2C1=O)Cl)Cl)OCC(=O)O)C1CCCC1,0.2995400249958038,0.49013747758517634,233,"[0, 2, 4, 6, 23, 24, 25, 26, 27]",28
234,BRD-K85803881,CCc1nnc(s1)NC(=O)c1ncc(c(c1Cl)Cl)Cl,0.2016555522568524,0.4043478260869565,234,[31],3
235,BRD-K00063495,CCOc1cc(cc(c1OCc1ccc(cc1)Cl)Cl)CNC1CCCC1,0.3110377207398415,0.3424920127795527,235,[13],48
236,BRD-K32533226,CC1(C)CCC(C)(C)c2c(c(c(cc21)C(=O)Nc1cc(c(c(c1)F)C(=O)O)F)O)Cl,0.3625601135194302,0.5363098440021516,236,"[0, 2, 7, 19, 22]",4
237,BRD-A71684970,CCCCN1[C@@H]([C@@H](O)N(C1=O)c1nnc(s1)C(C)(C)C)c1ccc(c(c1)Cl)Cl,0.2755771532654762,0.6589420654911838,237,[11],1
238,BRD-A08560722,COc1ccc(cc1OC)[C@H]1C[C@@H](n2nc(cc2N1)C(=O)O)C(F)(F)F,0.2867318674921989,0.5875506072874493,238,[0],39
239,BRD-A07467764,Cc1ccc(cc1)OCCN1CC[C@@]1(C)C(=O)Nc1ccc(c(c1)Cl)Cl,0.2046753838658332,0.36895674300254455,239,[3],5
240,BRD-K09715717,CC(=O)N[C@@]1(C)C[C@H](O[C@H](C1)c1cc(ccc1O)Cl)c1ccc(cc1)F,0.2428789511322975,0.4014008620689655,240,[5],27
241,BRD-K21947860,Clc1ccc(cc1Cl)[C@@H]1C[C@H](NC(=O)C2CCCC2)[C@H]2CCCC[C@@H]2O1,0.212920881435275,0.4511019283746556,241,"[4, 8, 18]",0
242,BRD-A00377910,Clc1ccc(cc1Cl)[C@H]1NC(=O)NC2=C1C(=O)N(CCN1CCCC1)C2,0.229253639653325,0.5392456676860347,242,"[4, 11]",18
243,BRD-A07065443,CC(C)Oc1ccc(cc1[C@@H](N1CCN(CC1)CC1CC1)C(=O)O)Cl,0.287481976673007,0.42727821363910684,243,[15],14
244,BRD-K01825083,CCOC(=O)C1=C(C)N=C2SC(=Cc3cc(c(c(c3)OC)OCC(=O)O)Cl)C(=O)N2[C@@H]1c1ccccc1Cl,0.245099975168705,0.7947316103379721,244,[6],23
245,BRD-K01825084,CCOC(=O)C1=C(C)N=C2SC(=Cc3cc(c(c(c3)Cl)OCC(=O)O)Cl)C(=O)N2[C@@H]1c1cccc(c1)OC,0.2033231753855943,0.7760079641612743,245,"[6, 20, 54]",23
246,BRD-A02467599,CCOc1cc(cc(c1O)Cl)[C@H]1[C@H]2C(=O)CCCC2=NC2=C1C(=O)CCC2,0.2027561862021684,0.626401630988787,246,"[0, 2, 13]",0
247,BRD-K02216544,Clc1cccc(c1Cl)N1CCN(CC1)C1=CC(=O)N(C2CCCCC2)C(=O)N1,0.203663370013237,0.4558448187850944,247,[33],11
248,BRD-K39120876,Fc1ccc(cc1)NC(=O)NC1(Oc2cc(c(cc2O1)Cl)Cl)C(F)(F)F,0.2591716863214969,0.3889479277364506,248,[1],42
249,BRD-K19701958,OC(=O)c1cccnc1CN1CCN(CC1)c1cccc(c1Cl)Cl,0.3535112172365188,0.4229993275050437,249,[33],14
250,BRD-A08022588,O[C@H](c1ccc(c(c1)Cl)Cl)c1nc(c[nH]1)-c1ccc(cc1)Cl,0.3657699838280678,0.32267168391345247,250,[8],33
251,BRD-A35978261,CCC(=O)N1CCC2(CC1)Oc1ccc(cc1C(=O)[C@@]12CC(=NO1)c1ccc(cc1)Cl)Cl,0.2784305691719055,0.6789228379078198,251,[15],37
252,BRD-A11823268,O[C@H](c1ccc(c(c1)Cl)Cl)c1nc(c[nH]1)-c1ccc(cc1)C(F)(F)F,0.2601795792579651,0.3378451543042772,252,[8],33
253,BRD-A32678405,COc1cc(cc(c1OCC(=O)O)Cl)[C@H]1NC(=O)NC(=C1C(=O)C)c1ccccc1,0.2157890059053898,0.5798629414865577,253,"[0, 2, 6]",38
254,BRD-A29283581,O[C@]1(CSc2nc3cc(ccc3n21)C(F)(F)F)c1ccc(c(c1)Cl)Cl,0.2570435225963592,0.6134876698540513,254,"[8, 11]",11
255,BRD-A72438167,COc1ccc(c(c1)F)C(=O)C[C@@]1(O)C(=O)Nc2c(ccc(c21)Cl)Cl,0.2180184107273817,0.6199596774193549,255,"[0, 34]",17
256,BRD-K20458247,COc1cc(c(cc1Cl)Cl)NC(=O)c1c(cccc1F)F,0.2068734094500541,0.36850152905198774,256,[39],31
257,BRD-A79231681,COc1cc(ccc1[C@@H](N1CCC(CC1)Oc1cccc(c1)F)C(=O)O)F,0.2373755805194378,0.402636309167166,257,[57],14
258,BRD-K43851857,Clc1ccc(cc1Cl)C(=O)Nc1ccc2c(c1)NC(=O)N2,0.215582263097167,0.32570556826849734,258,[12],4
259,BRD-A74510491,CC(=O)NC[C@H]1CN(C(=O)O1)c1ccc(c(c1)Cl)Cl,0.21177858710289,0.7088122605363985,259,"[3, 21]",1
260,BRD-A56493701,Clc1ccc(cc1)C1=NO[C@@]2(C1)C(=O)c1cc(ccc1OC12CCNCC1)Cl,0.3847232863306999,0.66701244813278,260,[15],37
261,BRD-A08732455,CCN(CC)CCC[C@@H](C)Nc1nc(nc2cc(ccc12)Cl)/C=C/c1cc(c(cc1Cl)OC)OC,0.2762630686163902,0.4947945205479452,261,"[47, 62]",6
262,BRD-A85555308,COc1ccc(cc1F)[C@@H](N1CCCN(CC1)c1ccc(cc1)F)C(=O)O,0.2702600084245204,0.4275092936802974,262,[45],14
263,BRD-A03606466,CC(C)C(=O)N1CCC2(CC1)Oc1ccc(cc1C(=O)[C@@]12CC(=NO1)c1ccc(cc1)Cl)Cl,0.2874540373682975,0.6790890269151139,263,[15],37
264,BRD-A48556827,CC(C)(C)OC(=O)N1CCC2(CC1)Oc1ccc(cc1C(=O)[C@@]12CC(=NO1)c1ccc(cc1)Cl)Cl,0.275206096470356,0.6947314049586777,264,[15],37
265,BRD-K00003706,CC(C)C[C@@H](N)C(=O)N[C@@H]1[C@H](O)c2ccc(c(c2)Cl)Oc2cc3cc(c2O[C@@H]2O[C@H](CO)[C@@H](O)[C@H](O)[C@H]2O[C@H]2C[C@](C)(N)[C@H](O)[C@H](C)O2)Oc2ccc(cc2Cl)[C@@H](O)[C@@H]2NC(=O)[C@H](NC(=O)[C@@H]3NC(=O)[C@H](CC(=O)N)NC1=O)c1ccc(c(c1)-c1c(cc(cc1[C@H](NC2=O)C(=O)O)O)O)O,0.5162243105471134,0.9994199535962877,265,"[2, 9, 10]",8
266,BRD-K82744348,CCCC(c1cc(c(cc1C)O)C(C)(C)C)c1cc(c(cc1C)O)C(C)(C)C,0.2936655536293983,0.33148558758314856,266,"[0, 17]",32
267,BRD-A37078961,COc1ccc(c(c1)OC)C1=NN(c2nc(cs2)C(=O)O)[C@@](O)(C1)C(F)(F)F,0.2454527452588081,0.6639919759277834,267,"[0, 32]",6
268,BRD-A57439040,CC1=C([C@@H](NC(=O)N1)c1ccc(c(c1)Cl)Cl)C(=O)OC[C@H]1CCCO1,0.2267315335571766,0.5201887781856319,268,"[4, 11]",25
269,BRD-A71348525,COc1cc(c(cc1OCC(=O)O)Cl)[C@H]1NC(=O)NC(=C1C(=O)C)c1ccccc1,0.200840425491333,0.5888192267502612,269,"[0, 1]",38
270,BRD-A20794617,CN[C@H](CC(C)C)C(=O)N[C@@H]1[C@H](O)c2ccc(c(c2)Cl)Oc2cc3cc(c2O[C@@H]2O[C@@H](CO)[C@@H](O)[C@H](O)[C@H]2O[C@H]2C[C@](C)(N)[C@H](O)[C@H](C)O2)Oc2ccc(cc2Cl)[C@@H](O)[C@H]2NC(=O)[C@@H](NC(=O)[C@@H]3NC(=O)[C@H](CC(=O)N)NC1=O)c1ccc(c(c1)-c1c(cc(cc1[C@H](NC2=O)C(=O)O)O)O)O,0.5296471633017064,1.0,270,"[2, 9, 10]",8
